﻿<LinkSources version="1.02">
  <page ID="FC348D08-95A8-EA11-94D4-784F435EC7F5">
    <linkSource sourcePageID="18AE273D-9AA8-EA11-94D4-784F435EC7F5" comID="62868148-9AA8-EA11-94D4-784F435EC7F5" comLinkType="cltPageLink"/>
  </page>
  <page ID="B63D7025-96A8-EA11-94D4-784F435EC7F5">
    <linkSource sourcePageID="18AE273D-9AA8-EA11-94D4-784F435EC7F5" comID="62868148-9AA8-EA11-94D4-784F435EC7F5" comLinkType="cltPageLink"/>
  </page>
  <page ID="18AE273D-9AA8-EA11-94D4-784F435EC7F5">
    <linkSource sourcePageID="B63D7025-96A8-EA11-94D4-784F435EC7F5" comID="C2802BE6-98A8-EA11-94D4-784F435EC7F5" comLinkType="cltPageLink"/>
  </page>
</LinkSources>